Position,Name + ID,Name,ID,Roster Position,Salary,Game Info,TeamAbbrev,AvgPointsPerGame
PF/C,LeBron James (26449774),LeBron James,26449774,PF/C/F/UTIL,11500,SAC@LAL 01/18/2023 10:30PM ET,LAL,53.71
C,Nikola Jokic (26449778),Nikola Jokic,26449778,C/UTIL,11400,MIN@DEN 01/18/2023 10:00PM ET,DEN,57.92
C,Domantas Sabonis (26449782),Domantas Sabonis,26449782,C/UTIL,10500,SAC@LAL 01/18/2023 10:30PM ET,SAC,48.15
SF/PF,Kawhi Leonard (26449784),Kawhi Leonard,26449784,SF/PF/F/UTIL,10300,LAC@UTA 01/18/2023 09:00PM ET,LAC,35.24
PG,Ja Morant (26449788),Ja Morant,26449788,PG/G/UTIL,10200,CLE@MEM 01/18/2023 08:00PM ET,MEM,48.92
PF,Julius Randle (26449791),Julius Randle,26449791,PF/F/UTIL,10100,WAS@NYK 01/18/2023 07:30PM ET,NYK,46.62
PG,Shai Gilgeous-Alexander (26449794),Shai Gilgeous-Alexander,26449794,PG/G/UTIL,10000,IND@OKC 01/18/2023 08:00PM ET,OKC,49.58
PG,LaMelo Ball (26449797),LaMelo Ball,26449797,PG/G/UTIL,9600,CHA@HOU 01/18/2023 08:00PM ET,CHA,47.66
PG,Trae Young (26449800),Trae Young,26449800,PG/G/UTIL,9500,ATL@DAL 01/18/2023 07:30PM ET,ATL,47.63
SF/PF,Lauri Markkanen (26449803),Lauri Markkanen,26449803,SF/PF/F/UTIL,9400,LAC@UTA 01/18/2023 09:00PM ET,UTA,41.67
PF,Zion Williamson (26449807),Zion Williamson,26449807,PF/F/UTIL,9300,MIA@NOP 01/18/2023 08:00PM ET,NOP,43.57
SG/SF,Paul George (26449813),Paul George,26449813,SG/SF/F/G/UTIL,9100,LAC@UTA 01/18/2023 09:00PM ET,LAC,42.88
PG,CJ McCollum (26449821),CJ McCollum,26449821,PG/G/UTIL,9000,MIA@NOP 01/18/2023 08:00PM ET,NOP,39.4
PG,Russell Westbrook (26449818),Russell Westbrook,26449818,PG/G/UTIL,9000,SAC@LAL 01/18/2023 10:30PM ET,LAL,38.25
PF/C,Kristaps Porzingis (26449828),Kristaps Porzingis,26449828,PF/C/F/UTIL,8900,WAS@NYK 01/18/2023 07:30PM ET,WAS,42.01
C,Bam Adebayo (26449832),Bam Adebayo,26449832,C/UTIL,8800,MIA@NOP 01/18/2023 08:00PM ET,MIA,42.14
PF,Jimmy Butler (26449839),Jimmy Butler,26449839,PF/F/UTIL,8700,MIA@NOP 01/18/2023 08:00PM ET,MIA,42.36
SG/SF,Anthony Edwards (26449834),Anthony Edwards,26449834,SG/SF/F/G/UTIL,8700,MIN@DEN 01/18/2023 10:00PM ET,MIN,42.28
PF/C,Christian Wood (26449842),Christian Wood,26449842,PF/C/F/UTIL,8600,ATL@DAL 01/18/2023 07:30PM ET,DAL,34.79
PG,Jalen Brunson (26449846),Jalen Brunson,26449846,PG/G/UTIL,8500,WAS@NYK 01/18/2023 07:30PM ET,NYK,38.65
PF/C,Karl-Anthony Towns (26449849),Karl-Anthony Towns,26449849,PF/C/F/UTIL,8400,MIN@DEN 01/18/2023 10:00PM ET,MIN,41.71
PG,De'Aaron Fox (26449853),De'Aaron Fox,26449853,PG/G/UTIL,8300,SAC@LAL 01/18/2023 10:30PM ET,SAC,40.45
SF/PF,Kyle Kuzma (26449856),Kyle Kuzma,26449856,SF/PF/F/UTIL,8200,WAS@NYK 01/18/2023 07:30PM ET,WAS,38.77
PG,Darius Garland (26449860),Darius Garland,26449860,PG/G/UTIL,8100,CLE@MEM 01/18/2023 08:00PM ET,CLE,39.26
PG/SG,Dejounte Murray (26449863),Dejounte Murray,26449863,PG/SG/G/UTIL,8000,ATL@DAL 01/18/2023 07:30PM ET,ATL,40.54
SG,Brandon Ingram (26449867),Brandon Ingram,26449867,SG/G/UTIL,8000,MIA@NOP 01/18/2023 08:00PM ET,NOP,36.83
SG,Jalen Green (26449875),Jalen Green,26449875,SG/G/UTIL,7800,CHA@HOU 01/18/2023 08:00PM ET,HOU,33.96
C,Alperen Sengun (26449873),Alperen Sengun,26449873,C/UTIL,7700,CHA@HOU 01/18/2023 08:00PM ET,HOU,33.41
SG,Bradley Beal (26449878),Bradley Beal,26449878,SG/G/UTIL,7600,WAS@NYK 01/18/2023 07:30PM ET,WAS,37.57
PG/SG,Josh Giddey (26449881),Josh Giddey,26449881,PG/SG/G/UTIL,7500,IND@OKC 01/18/2023 08:00PM ET,OKC,36.62
PF/C,Jaren Jackson Jr. (26449885),Jaren Jackson Jr.,26449885,PF/C/F/UTIL,7500,CLE@MEM 01/18/2023 08:00PM ET,MEM,35.48
SG,Desmond Bane (26449889),Desmond Bane,26449889,SG/G/UTIL,7400,CLE@MEM 01/18/2023 08:00PM ET,MEM,36.71
PG/SG,Terry Rozier (26449892),Terry Rozier,26449892,PG/SG/G/UTIL,7400,CHA@HOU 01/18/2023 08:00PM ET,CHA,35.99
PG/SG,Tyler Herro (26449896),Tyler Herro,26449896,PG/SG/G/UTIL,7300,MIA@NOP 01/18/2023 08:00PM ET,MIA,38.32
C,Rudy Gobert (26449900),Rudy Gobert,26449900,C/UTIL,7300,MIN@DEN 01/18/2023 10:00PM ET,MIN,32.82
PG/SG,Jordan Clarkson (26449902),Jordan Clarkson,26449902,PG/SG/G/UTIL,7200,LAC@UTA 01/18/2023 09:00PM ET,UTA,34.24
C,Myles Turner (26449906),Myles Turner,26449906,C/UTIL,7100,IND@OKC 01/18/2023 08:00PM ET,IND,35.69
SG/SF,Kelly Oubre Jr. (26449908),Kelly Oubre Jr.,26449908,SG/SF/F/G/UTIL,7100,CHA@HOU 01/18/2023 08:00PM ET,CHA,32.85
PG/SG,Spencer Dinwiddie (26449913),Spencer Dinwiddie,26449913,PG/SG/G/UTIL,7000,ATL@DAL 01/18/2023 07:30PM ET,DAL,30.77
C,Jonas Valanciunas (26449917),Jonas Valanciunas,26449917,C/UTIL,6900,MIA@NOP 01/18/2023 08:00PM ET,NOP,31.26
PG,D'Angelo Russell (26449919),D'Angelo Russell,26449919,PG/G/UTIL,6800,MIN@DEN 01/18/2023 10:00PM ET,MIN,33.24
C,Jarrett Allen (26449922),Jarrett Allen,26449922,C/UTIL,6700,CLE@MEM 01/18/2023 08:00PM ET,CLE,32.72
SF,RJ Barrett (26449924),RJ Barrett,26449924,SF/F/UTIL,6600,WAS@NYK 01/18/2023 07:30PM ET,NYK,32.21
PG,Jamal Murray (26449927),Jamal Murray,26449927,PG/G/UTIL,6500,MIN@DEN 01/18/2023 10:00PM ET,DEN,33.9
SG/SF,Buddy Hield (26449930),Buddy Hield,26449930,SG/SF/F/G/UTIL,6400,IND@OKC 01/18/2023 08:00PM ET,IND,31.79
C,Mason Plumlee (26449935),Mason Plumlee,26449935,C/UTIL,6300,CHA@HOU 01/18/2023 08:00PM ET,CHA,31.69
PF,Aaron Gordon (26449937),Aaron Gordon,26449937,PF/F/UTIL,6200,MIN@DEN 01/18/2023 10:00PM ET,DEN,32.13
PF/C,Evan Mobley (26449940),Evan Mobley,26449940,PF/C/F/UTIL,6100,CLE@MEM 01/18/2023 08:00PM ET,CLE,32.97
C,Thomas Bryant (26449944),Thomas Bryant,26449944,C/UTIL,6100,SAC@LAL 01/18/2023 10:30PM ET,LAL,24.9
C,Steven Adams (26449946),Steven Adams,26449946,C/UTIL,6000,CLE@MEM 01/18/2023 08:00PM ET,MEM,29.31
SG/SF,Norman Powell (26449948),Norman Powell,26449948,SG/SF/F/G/UTIL,6000,LAC@UTA 01/18/2023 09:00PM ET,LAC,24.37
SF/PF,Harrison Barnes (26449953),Harrison Barnes,26449953,SF/PF/F/UTIL,5900,SAC@LAL 01/18/2023 10:30PM ET,SAC,26.2
PG/SG,Victor Oladipo (26449957),Victor Oladipo,26449957,PG/SG/G/UTIL,5800,MIA@NOP 01/18/2023 08:00PM ET,MIA,25.83
C,Clint Capela (26449966),Clint Capela,26449966,C/UTIL,5700,ATL@DAL 01/18/2023 07:30PM ET,ATL,32.16
PG/SF,Terance Mann (26449961),Terance Mann,26449961,PG/SF/F/G/UTIL,5700,LAC@UTA 01/18/2023 09:00PM ET,LAC,18.03
SF,Tim Hardaway Jr. (26449972),Tim Hardaway Jr.,26449972,SF/F/UTIL,5600,ATL@DAL 01/18/2023 07:30PM ET,DAL,23.17
PF/C,John Collins (26449979),John Collins,26449979,PF/C/F/UTIL,5600,ATL@DAL 01/18/2023 07:30PM ET,ATL,28.94
SG/SF,Bennedict Mathurin (26449983),Bennedict Mathurin,26449983,SG/SF/F/G/UTIL,5600,IND@OKC 01/18/2023 08:00PM ET,IND,25.52
SF/PF,Naji Marshall (26449975),Naji Marshall,26449975,SF/PF/F/UTIL,5600,MIA@NOP 01/18/2023 08:00PM ET,NOP,20.75
SF/PF,Kyle Anderson (26449968),Kyle Anderson,26449968,SF/PF/F/UTIL,5600,MIN@DEN 01/18/2023 10:00PM ET,MIN,23.13
C,Mitchell Robinson (26450000),Mitchell Robinson,26450000,C/UTIL,5500,WAS@NYK 01/18/2023 07:30PM ET,NYK,25.58
PG,T.J. McConnell (26449988),T.J. McConnell,26449988,PG/G/UTIL,5500,IND@OKC 01/18/2023 08:00PM ET,IND,18.67
SF,Michael Porter Jr. (26449994),Michael Porter Jr.,26449994,SF/F/UTIL,5500,MIN@DEN 01/18/2023 10:00PM ET,DEN,28.27
PF,PJ Washington (26449991),PJ Washington,26449991,PF/F/UTIL,5500,CHA@HOU 01/18/2023 08:00PM ET,CHA,28.41
PG,Dennis Schroder (26449997),Dennis Schroder,26449997,PG/G/UTIL,5500,SAC@LAL 01/18/2023 10:30PM ET,LAL,21.62
PG/SG,Immanuel Quickley (26450004),Immanuel Quickley,26450004,PG/SG/G/UTIL,5400,WAS@NYK 01/18/2023 07:30PM ET,NYK,24.59
C,Onyeka Okongwu (26450012),Onyeka Okongwu,26450012,C/UTIL,5400,ATL@DAL 01/18/2023 07:30PM ET,ATL,23.88
C,Walker Kessler (26450002),Walker Kessler,26450002,C/UTIL,5400,LAC@UTA 01/18/2023 09:00PM ET,UTA,21.98
PF/C,Jabari Smith Jr. (26450008),Jabari Smith Jr.,26450008,PF/C/F/UTIL,5400,CHA@HOU 01/18/2023 08:00PM ET,HOU,25.83
SF,Gordon Hayward (26450019),Gordon Hayward,26450019,SF/F/UTIL,5400,CHA@HOU 01/18/2023 08:00PM ET,CHA,27.01
SG/SF,Kevin Huerter (26450014),Kevin Huerter,26450014,SG/SF/F/G/UTIL,5400,SAC@LAL 01/18/2023 10:30PM ET,SAC,27.56
PG,Mike Conley (26450022),Mike Conley,26450022,PG/G/UTIL,5300,LAC@UTA 01/18/2023 09:00PM ET,UTA,26.88
PF/C,Jarred Vanderbilt (26450025),Jarred Vanderbilt,26450025,PF/C/F/UTIL,5300,LAC@UTA 01/18/2023 09:00PM ET,UTA,25.17
C,Ivica Zubac (26450032),Ivica Zubac,26450032,C/UTIL,5300,LAC@UTA 01/18/2023 09:00PM ET,LAC,27.58
SG/SF,Bogdan Bogdanovic (26450034),Bogdan Bogdanovic,26450034,SG/SF/F/G/UTIL,5200,ATL@DAL 01/18/2023 07:30PM ET,ATL,27.42
PG/SG,Andrew Nembhard (26450039),Andrew Nembhard,26450039,PG/SG/G/UTIL,5200,IND@OKC 01/18/2023 08:00PM ET,IND,20.44
PF/C,Kelly Olynyk (26450043),Kelly Olynyk,26450043,PF/C/F/UTIL,5200,LAC@UTA 01/18/2023 09:00PM ET,UTA,26.37
SG/SF,Dillon Brooks (26450052),Dillon Brooks,26450052,SG/SF/F/G/UTIL,5100,CLE@MEM 01/18/2023 08:00PM ET,MEM,27.02
SG/SF,Caris LeVert (26450062),Caris LeVert,26450062,SG/SF/F/G/UTIL,5100,CLE@MEM 01/18/2023 08:00PM ET,CLE,24.63
SG/SF,Max Strus (26450057),Max Strus,26450057,SG/SF/F/G/UTIL,5100,MIA@NOP 01/18/2023 08:00PM ET,MIA,23.66
SG/SF,Malik Beasley (26450047),Malik Beasley,26450047,SG/SF/F/G/UTIL,5100,LAC@UTA 01/18/2023 09:00PM ET,UTA,23.73
PG,Monte Morris (26450067),Monte Morris,26450067,PG/G/UTIL,5000,WAS@NYK 01/18/2023 07:30PM ET,WAS,24.72
SF/PF,De'Andre Hunter (26450075),De'Andre Hunter,26450075,SF/PF/F/UTIL,5000,ATL@DAL 01/18/2023 07:30PM ET,ATL,24.56
PG/SF,Jalen Williams (26450070),Jalen Williams,26450070,PG/SF/F/G/UTIL,5000,IND@OKC 01/18/2023 08:00PM ET,OKC,23.36
PG/SG,Gabe Vincent (26450079),Gabe Vincent,26450079,PG/SG/G/UTIL,5000,MIA@NOP 01/18/2023 08:00PM ET,MIA,18.47
PG,Tyus Jones (26450087),Tyus Jones,26450087,PG/G/UTIL,4900,CLE@MEM 01/18/2023 08:00PM ET,MEM,23.43
SG/SF,Trey Murphy III (26450090),Trey Murphy III,26450090,SG/SF/F/G/UTIL,4900,MIA@NOP 01/18/2023 08:00PM ET,NOP,23.3
SF/PF,Jalen McDaniels (26450083),Jalen McDaniels,26450083,SF/PF/F/UTIL,4900,CHA@HOU 01/18/2023 08:00PM ET,CHA,23.33
SF,Luguentz Dort (26450095),Luguentz Dort,26450095,SF/F/UTIL,4800,IND@OKC 01/18/2023 08:00PM ET,OKC,25.53
PG/SG,Bones Hyland (26450098),Bones Hyland,26450098,PG/SG/G/UTIL,4800,MIN@DEN 01/18/2023 10:00PM ET,DEN,23.23
PF/C,Naz Reid (26450102),Naz Reid,26450102,PF/C/F/UTIL,4800,MIN@DEN 01/18/2023 10:00PM ET,MIN,20.84
PF,Marcus Morris Sr. (26450106),Marcus Morris Sr.,26450106,PF/F/UTIL,4800,LAC@UTA 01/18/2023 09:00PM ET,LAC,24.76
SG/SF,Quentin Grimes (26450114),Quentin Grimes,26450114,SG/SF/F/G/UTIL,4700,WAS@NYK 01/18/2023 07:30PM ET,NYK,20.74
C,Daniel Gafford (26450123),Daniel Gafford,26450123,C/UTIL,4700,WAS@NYK 01/18/2023 07:30PM ET,WAS,17.45
SG/SF,Bruce Brown (26450109),Bruce Brown,26450109,SG/SF/F/G/UTIL,4700,MIN@DEN 01/18/2023 10:00PM ET,DEN,25.16
SF/PF,Jaden McDaniels (26450119),Jaden McDaniels,26450119,SF/PF/F/UTIL,4700,MIN@DEN 01/18/2023 10:00PM ET,MIN,23.18
SF,Caleb Martin (26450129),Caleb Martin,26450129,SF/F/UTIL,4600,MIA@NOP 01/18/2023 08:00PM ET,MIA,22.03
PG/SG,Collin Sexton (26450132),Collin Sexton,26450132,PG/SG/G/UTIL,4600,LAC@UTA 01/18/2023 09:00PM ET,UTA,22.59
SF/PF,KJ Martin (26450125),KJ Martin,26450125,SF/PF/F/UTIL,4600,CHA@HOU 01/18/2023 08:00PM ET,HOU,20.62
PF/C,Wenyen Gabriel (26450136),Wenyen Gabriel,26450136,PF/C/F/UTIL,4600,SAC@LAL 01/18/2023 10:30PM ET,LAL,14.39
SF,Aleksej Pokusevski (26450143),Aleksej Pokusevski,26450143,SF/F/UTIL,4500,IND@OKC 01/18/2023 08:00PM ET,OKC,22.17
SF,Herbert Jones (26450146),Herbert Jones,26450146,SF/F/UTIL,4500,MIA@NOP 01/18/2023 08:00PM ET,NOP,21.9
SF,Eric Gordon (26450140),Eric Gordon,26450140,SF/F/UTIL,4500,CHA@HOU 01/18/2023 08:00PM ET,HOU,20.3
SG/SF,Lonnie Walker IV (26450149),Lonnie Walker IV,26450149,SG/SF/F/G/UTIL,4500,SAC@LAL 01/18/2023 10:30PM ET,LAL,22.43
PG,Jose Alvarado (26450160),Jose Alvarado,26450160,PG/G/UTIL,4400,MIA@NOP 01/18/2023 08:00PM ET,NOP,19.86
SG,Kentavious Caldwell-Pope (26450157),Kentavious Caldwell-Pope,26450157,SG/G/UTIL,4400,MIN@DEN 01/18/2023 10:00PM ET,DEN,22.34
PF,Keegan Murray (26450163),Keegan Murray,26450163,PF/F/UTIL,4400,SAC@LAL 01/18/2023 10:30PM ET,SAC,21.48
PF,Rui Hachimura (26450166),Rui Hachimura,26450166,PF/F/UTIL,4300,WAS@NYK 01/18/2023 07:30PM ET,WAS,21.54
PF/C,Nicolas Batum (26450169),Nicolas Batum,26450169,PF/C/F/UTIL,4300,LAC@UTA 01/18/2023 09:00PM ET,LAC,17.04
SF/PF,Aaron Nesmith (26450173),Aaron Nesmith,26450173,SF/PF/F/UTIL,4200,IND@OKC 01/18/2023 08:00PM ET,IND,18.92
PF/C,Brandon Clarke (26450182),Brandon Clarke,26450182,PF/C/F/UTIL,4200,CLE@MEM 01/18/2023 08:00PM ET,MEM,20.71
SG/SF,Austin Reaves (26450177),Austin Reaves,26450177,SG/SF/F/G/UTIL,4200,SAC@LAL 01/18/2023 10:30PM ET,LAL,19.8
SF,Deni Avdija (26450193),Deni Avdija,26450193,SF/F/UTIL,4100,WAS@NYK 01/18/2023 07:30PM ET,WAS,21.84
PF/C,Kevin Love (26450196),Kevin Love,26450196,PF/C/F/UTIL,4100,CLE@MEM 01/18/2023 08:00PM ET,CLE,21.99
PG/SG,Jaylen Nowell (26450189),Jaylen Nowell,26450189,PG/SG/G/UTIL,4100,MIN@DEN 01/18/2023 10:00PM ET,MIN,19.67
SG,Malik Monk (26450186),Malik Monk,26450186,SG/G/UTIL,4100,SAC@LAL 01/18/2023 10:30PM ET,SAC,24.08
PG/SF,Jae'Sean Tate (26450200),Jae'Sean Tate,26450200,PG/SF/F/G/UTIL,4000,CHA@HOU 01/18/2023 08:00PM ET,HOU,18.19
PG/SG,Patrick Beverley (26450205),Patrick Beverley,26450205,PG/SG/G/UTIL,4000,SAC@LAL 01/18/2023 10:30PM ET,LAL,16.88
SG,Jaden Hardy (26450209),Jaden Hardy,26450209,SG/G/UTIL,3900,ATL@DAL 01/18/2023 07:30PM ET,DAL,9.72
SF/PF,Kenrich Williams (26450216),Kenrich Williams,26450216,SF/PF/F/UTIL,3900,IND@OKC 01/18/2023 08:00PM ET,OKC,17.68
SF/PF,Troy Brown Jr. (26450212),Troy Brown Jr.,26450212,SF/PF/F/UTIL,3900,SAC@LAL 01/18/2023 10:30PM ET,LAL,14.76
SG/SF,Cam Reddish (26450224),Cam Reddish,26450224,SG/SF/F/G/UTIL,3800,WAS@NYK 01/18/2023 07:30PM ET,NYK,14.19
PG,Delon Wright (26450231),Delon Wright,26450231,PG/G/UTIL,3800,WAS@NYK 01/18/2023 07:30PM ET,WAS,18.5
C,Jeremiah Robinson-Earl (26450229),Jeremiah Robinson-Earl,26450229,C/UTIL,3800,IND@OKC 01/18/2023 08:00PM ET,OKC,18.76
C,Isaiah Jackson (26450234),Isaiah Jackson,26450234,C/UTIL,3800,IND@OKC 01/18/2023 08:00PM ET,IND,16.9
PG/SG,Kendrick Nunn (26450220),Kendrick Nunn,26450220,PG/SG/G/UTIL,3800,SAC@LAL 01/18/2023 10:30PM ET,LAL,10.04
SF/PF,Reggie Bullock (26450240),Reggie Bullock,26450240,SF/PF/F/UTIL,3700,ATL@DAL 01/18/2023 07:30PM ET,DAL,14.24
SG,Isaiah Joe (26450249),Isaiah Joe,26450249,SG/G/UTIL,3700,IND@OKC 01/18/2023 08:00PM ET,OKC,13.35
PF/C,Jalen Smith (26450255),Jalen Smith,26450255,PF/C/F/UTIL,3700,IND@OKC 01/18/2023 08:00PM ET,IND,21.44
SG/SF,John Konchar (26450244),John Konchar,26450244,SG/SF/F/G/UTIL,3700,CLE@MEM 01/18/2023 08:00PM ET,MEM,18.82
PG,Ricky Rubio (26450259),Ricky Rubio,26450259,PG/G/UTIL,3700,CLE@MEM 01/18/2023 08:00PM ET,CLE,9.17
PG,Dennis Smith Jr. (26450252),Dennis Smith Jr.,26450252,PG/G/UTIL,3700,CHA@HOU 01/18/2023 08:00PM ET,CHA,22.61
PF/C,Trey Lyles (26450236),Trey Lyles,26450236,PF/C/F/UTIL,3700,SAC@LAL 01/18/2023 10:30PM ET,SAC,14.6
SF/PF,Dorian Finney-Smith (26450262),Dorian Finney-Smith,26450262,SF/PF/F/UTIL,3600,ATL@DAL 01/18/2023 07:30PM ET,DAL,18.67
SG/SF,Chris Duarte (26450283),Chris Duarte,26450283,SG/SF/F/G/UTIL,3600,IND@OKC 01/18/2023 08:00PM ET,IND,12.2
SG/SF,Isaac Okoro (26450288),Isaac Okoro,26450288,SG/SF/F/G/UTIL,3600,CLE@MEM 01/18/2023 08:00PM ET,CLE,11.98
PF/C,Larry Nance Jr. (26450271),Larry Nance Jr.,26450271,PF/C/F/UTIL,3600,MIA@NOP 01/18/2023 08:00PM ET,NOP,20.6
SF/PF,Taurean Prince (26450275),Taurean Prince,26450275,SF/PF/F/UTIL,3600,MIN@DEN 01/18/2023 10:00PM ET,MIN,14.94
PF/C,Robert Covington (26450279),Robert Covington,26450279,PF/C/F/UTIL,3600,LAC@UTA 01/18/2023 09:00PM ET,LAC,15.4
SG/SF,Max Christie (26450266),Max Christie,26450266,SG/SF/F/G/UTIL,3600,SAC@LAL 01/18/2023 10:30PM ET,LAL,7.74
SG/SF,Dyson Daniels (26450298),Dyson Daniels,26450298,SG/SF/F/G/UTIL,3500,MIA@NOP 01/18/2023 08:00PM ET,NOP,14.07
C,DeAndre Jordan (26450296),DeAndre Jordan,26450296,C/UTIL,3500,MIN@DEN 01/18/2023 10:00PM ET,DEN,13.35
PG,Reggie Jackson (26450303),Reggie Jackson,26450303,PG/G/UTIL,3500,LAC@UTA 01/18/2023 09:00PM ET,LAC,20.98
PF,Tari Eason (26450293),Tari Eason,26450293,PF/F/UTIL,3500,CHA@HOU 01/18/2023 08:00PM ET,HOU,19.13
PG/SG,Jordan Goodwin (26450316),Jordan Goodwin,26450316,PG/SG/G/UTIL,3400,WAS@NYK 01/18/2023 07:30PM ET,WAS,18.19
PF/C,Maxi Kleber (26450306),Maxi Kleber,26450306,PF/C/F/UTIL,3400,ATL@DAL 01/18/2023 07:30PM ET,DAL,14.98
PF/C,Darius Bazley (26450322),Darius Bazley,26450322,PF/C/F/UTIL,3400,IND@OKC 01/18/2023 08:00PM ET,OKC,15.04
SF,Ziaire Williams (26450313),Ziaire Williams,26450313,SF/F/UTIL,3400,CLE@MEM 01/18/2023 08:00PM ET,MEM,12.94
C,Orlando Robinson (26450320),Orlando Robinson,26450320,C/UTIL,3400,MIA@NOP 01/18/2023 08:00PM ET,MIA,13.21
SF,Talen Horton-Tucker (26450310),Talen Horton-Tucker,26450310,SF/F/UTIL,3400,LAC@UTA 01/18/2023 09:00PM ET,UTA,15.49
SG,Corey Kispert (26450348),Corey Kispert,26450348,SG/G/UTIL,3300,WAS@NYK 01/18/2023 07:30PM ET,WAS,17.16
PF,Santi Aldama (26450326),Santi Aldama,26450326,PF/F/UTIL,3300,CLE@MEM 01/18/2023 08:00PM ET,MEM,20.97
SF/PF,Haywood Highsmith (26450329),Haywood Highsmith,26450329,SF/PF/F/UTIL,3300,MIA@NOP 01/18/2023 08:00PM ET,MIA,12.96
C,Guillermo Hernangomez (26450342),Guillermo Hernangomez,26450342,C/UTIL,3300,MIA@NOP 01/18/2023 08:00PM ET,NOP,14.69
C,Zeke Nnaji (26450333),Zeke Nnaji,26450333,C/UTIL,3300,MIN@DEN 01/18/2023 10:00PM ET,DEN,8.18
PG/SG,Austin Rivers (26450344),Austin Rivers,26450344,PG/SG/G/UTIL,3300,MIN@DEN 01/18/2023 10:00PM ET,MIN,11.49
PG/SG,Nickeil Alexander-Walker (26450335),Nickeil Alexander-Walker,26450335,PG/SG/G/UTIL,3300,LAC@UTA 01/18/2023 09:00PM ET,UTA,14.58
PF,Juan Toscano-Anderson (26450339),Juan Toscano-Anderson,26450339,PF/F/UTIL,3300,SAC@LAL 01/18/2023 10:30PM ET,LAL,8.28
SG/SF,Terence Davis (26450351),Terence Davis,26450351,SG/SF/F/G/UTIL,3300,SAC@LAL 01/18/2023 10:30PM ET,SAC,13.71
PF,Oshae Brissett (26450362),Oshae Brissett,26450362,PF/F/UTIL,3200,IND@OKC 01/18/2023 08:00PM ET,IND,12.85
SG,David Roddy (26450359),David Roddy,26450359,SG/G/UTIL,3200,CLE@MEM 01/18/2023 08:00PM ET,MEM,12.75
SF,Ochai Agbaji (26450356),Ochai Agbaji,26450356,SF/F/UTIL,3200,LAC@UTA 01/18/2023 09:00PM ET,UTA,7.08
C,Taj Gibson (26450386),Taj Gibson,26450386,C/UTIL,3100,WAS@NYK 01/18/2023 07:30PM ET,WAS,8.12
SF,AJ Griffin (26450365),AJ Griffin,26450365,SF/F/UTIL,3100,ATL@DAL 01/18/2023 07:30PM ET,ATL,16.54
C,Dwight Powell (26450372),Dwight Powell,26450372,C/UTIL,3100,ATL@DAL 01/18/2023 07:30PM ET,DAL,13.03
SG/SF,Lindy Waters III (26450379),Lindy Waters III,26450379,SG/SF/F/G/UTIL,3100,IND@OKC 01/18/2023 08:00PM ET,OKC,9.68
C,Moses Brown (26450384),Moses Brown,26450384,C/UTIL,3100,LAC@UTA 01/18/2023 09:00PM ET,LAC,10.17
SG/SF,Garrison Mathews (26450374),Garrison Mathews,26450374,SG/SF/F/G/UTIL,3100,CHA@HOU 01/18/2023 08:00PM ET,HOU,9
C,Mark Williams (26450388),Mark Williams,26450388,C/UTIL,3100,CHA@HOU 01/18/2023 08:00PM ET,CHA,15.55
SG/SF,Cody Martin (26450390),Cody Martin,26450390,SG/SF/F/G/UTIL,3100,CHA@HOU 01/18/2023 08:00PM ET,CHA,13.14
PG/SG,Davion Mitchell (26450368),Davion Mitchell,26450368,PG/SG/G/UTIL,3100,SAC@LAL 01/18/2023 10:30PM ET,SAC,12.96
C,Isaiah Hartenstein (26450486),Isaiah Hartenstein,26450486,C/UTIL,3000,WAS@NYK 01/18/2023 07:30PM ET,NYK,16.16
SF,Svi Mykhailiuk (26450488),Svi Mykhailiuk,26450488,SF/F/UTIL,3000,WAS@NYK 01/18/2023 07:30PM ET,NYK,2.94
SF,Evan Fournier (26450491),Evan Fournier,26450491,SF/F/UTIL,3000,WAS@NYK 01/18/2023 07:30PM ET,NYK,13.25
PG,Ryan Arcidiacono (26450494),Ryan Arcidiacono,26450494,PG/G/UTIL,3000,WAS@NYK 01/18/2023 07:30PM ET,NYK,1.5
PG/SG,Derrick Rose (26450497),Derrick Rose,26450497,PG/SG/G/UTIL,3000,WAS@NYK 01/18/2023 07:30PM ET,NYK,11.29
PG/SG,Miles McBride (26450501),Miles McBride,26450501,PG/SG/G/UTIL,3000,WAS@NYK 01/18/2023 07:30PM ET,NYK,7.39
PF/C,Jericho Sims (26450505),Jericho Sims,26450505,PF/C/F/UTIL,3000,WAS@NYK 01/18/2023 07:30PM ET,NYK,10.82
SF,DaQuan Jeffries (26450509),DaQuan Jeffries,26450509,SF/F/UTIL,3000,WAS@NYK 01/18/2023 07:30PM ET,NYK,0
SF,Trevor Keels (26450512),Trevor Keels,26450512,SF/F/UTIL,3000,WAS@NYK 01/18/2023 07:30PM ET,NYK,1.25
PF/C,Obi Toppin (26450515),Obi Toppin,26450515,PF/C/F/UTIL,3000,WAS@NYK 01/18/2023 07:30PM ET,NYK,14.22
SF/PF,Anthony Gill (26450685),Anthony Gill,26450685,SF/PF/F/UTIL,3000,WAS@NYK 01/18/2023 07:30PM ET,WAS,5.9
SG/SF,Will Barton (26450689),Will Barton,26450689,SG/SF/F/G/UTIL,3000,WAS@NYK 01/18/2023 07:30PM ET,WAS,16.23
PF/C,Isaiah Todd (26450694),Isaiah Todd,26450694,PF/C/F/UTIL,3000,WAS@NYK 01/18/2023 07:30PM ET,WAS,0.5
PG,Devon Dotson (26450698),Devon Dotson,26450698,PG/G/UTIL,3000,WAS@NYK 01/18/2023 07:30PM ET,WAS,6.08
PG/SG,Johnny Davis (26450701),Johnny Davis,26450701,PG/SG/G/UTIL,3000,WAS@NYK 01/18/2023 07:30PM ET,WAS,2.42
C,Vernon Carey Jr. (26450705),Vernon Carey Jr.,26450705,C/UTIL,3000,WAS@NYK 01/18/2023 07:30PM ET,WAS,2.11
PG/SG,Aaron Holiday (26450403),Aaron Holiday,26450403,PG/SG/G/UTIL,3000,ATL@DAL 01/18/2023 07:30PM ET,ATL,10.19
PF,Davis Bertans (26450410),Davis Bertans,26450410,PF/F/UTIL,3000,ATL@DAL 01/18/2023 07:30PM ET,DAL,7.16
PG/SG,Frank Ntilikina (26450413),Frank Ntilikina,26450413,PG/SG/G/UTIL,3000,ATL@DAL 01/18/2023 07:30PM ET,DAL,7.3
C,JaVale McGee (26450417),JaVale McGee,26450417,C/UTIL,3000,ATL@DAL 01/18/2023 07:30PM ET,DAL,8.46
SG,AJ Lawson (26450419),AJ Lawson,26450419,SG/G/UTIL,3000,ATL@DAL 01/18/2023 07:30PM ET,DAL,2.31
SG/SF,Theo Pinson (26450422),Theo Pinson,26450422,SG/SF/F/G/UTIL,3000,ATL@DAL 01/18/2023 07:30PM ET,DAL,4.38
PG,McKinley Wright IV (26450427),McKinley Wright IV,26450427,PG/G/UTIL,3000,ATL@DAL 01/18/2023 07:30PM ET,DAL,6.57
SF,Josh Green (26450430),Josh Green,26450430,SF/F/UTIL,3000,ATL@DAL 01/18/2023 07:30PM ET,DAL,13.67
C,Derrick Favors (26450600),Derrick Favors,26450600,C/UTIL,3000,ATL@DAL 01/18/2023 07:30PM ET,ATL,0
PF/C,Frank Kaminsky (26450602),Frank Kaminsky,26450602,PF/C/F/UTIL,3000,ATL@DAL 01/18/2023 07:30PM ET,ATL,6.69
PF,Justin Holiday (26450606),Justin Holiday,26450606,PF/F/UTIL,3000,ATL@DAL 01/18/2023 07:30PM ET,ATL,8.31
SG/SF,Trent Forrest (26450609),Trent Forrest,26450609,SG/SF/F/G/UTIL,3000,ATL@DAL 01/18/2023 07:30PM ET,ATL,8.87
PG,Vit Krejci (26450614),Vit Krejci,26450614,PG/G/UTIL,3000,ATL@DAL 01/18/2023 07:30PM ET,ATL,3.63
PF,Jalen Johnson (26450617),Jalen Johnson,26450617,PF/F/UTIL,3000,ATL@DAL 01/18/2023 07:30PM ET,ATL,13.54
SF,Tyrese Martin (26450620),Tyrese Martin,26450620,SF/F/UTIL,3000,ATL@DAL 01/18/2023 07:30PM ET,ATL,2.23
PG/SG,Tre Mann (26450399),Tre Mann,26450399,PG/SG/G/UTIL,3000,IND@OKC 01/18/2023 08:00PM ET,OKC,16.01
C,Mike Muscala (26450562),Mike Muscala,26450562,C/UTIL,3000,IND@OKC 01/18/2023 08:00PM ET,OKC,13.2
SF,Aaron Wiggins (26450564),Aaron Wiggins,26450564,SF/F/UTIL,3000,IND@OKC 01/18/2023 08:00PM ET,OKC,13.8
C,Jaylin Williams (26450567),Jaylin Williams,26450567,C/UTIL,3000,IND@OKC 01/18/2023 08:00PM ET,OKC,11.25
PF/C,Eugene Omoruyi (26450569),Eugene Omoruyi,26450569,PF/C/F/UTIL,3000,IND@OKC 01/18/2023 08:00PM ET,OKC,10
SG,Ousmane Dieng (26450573),Ousmane Dieng,26450573,SG/G/UTIL,3000,IND@OKC 01/18/2023 08:00PM ET,OKC,11.46
C,Chet Holmgren (26450576),Chet Holmgren,26450576,C/UTIL,3000,IND@OKC 01/18/2023 08:00PM ET,OKC,0
PF,James Johnson (26450753),James Johnson,26450753,PF/F/UTIL,3000,IND@OKC 01/18/2023 08:00PM ET,IND,5.57
C,Terry Taylor (26450756),Terry Taylor,26450756,C/UTIL,3000,IND@OKC 01/18/2023 08:00PM ET,IND,4.85
PG,Trevelin Queen (26450758),Trevelin Queen,26450758,PG/G/UTIL,3000,IND@OKC 01/18/2023 08:00PM ET,IND,6.75
C,Goga Bitadze (26450761),Goga Bitadze,26450761,C/UTIL,3000,IND@OKC 01/18/2023 08:00PM ET,IND,9.59
PF,Daniel Theis (26450763),Daniel Theis,26450763,PF/F/UTIL,3000,IND@OKC 01/18/2023 08:00PM ET,IND,0
SF,Kendall Brown (26450766),Kendall Brown,26450766,SF/F/UTIL,3000,IND@OKC 01/18/2023 08:00PM ET,IND,4.67
PF/C,Kenneth Lofton Jr. (26450541),Kenneth Lofton Jr.,26450541,PF/C/F/UTIL,3000,CLE@MEM 01/18/2023 08:00PM ET,MEM,4.25
PG,Kennedy Chandler (26450545),Kennedy Chandler,26450545,PG/G/UTIL,3000,CLE@MEM 01/18/2023 08:00PM ET,MEM,8.59
C,Xavier Tillman (26450548),Xavier Tillman,26450548,C/UTIL,3000,CLE@MEM 01/18/2023 08:00PM ET,MEM,10.58
SG/SF,Vince Williams Jr. (26450550),Vince Williams Jr.,26450550,SG/SF/F/G/UTIL,3000,CLE@MEM 01/18/2023 08:00PM ET,MEM,3.53
SF/PF,Jake LaRavia (26450555),Jake LaRavia,26450555,SF/PF/F/UTIL,3000,CLE@MEM 01/18/2023 08:00PM ET,MEM,8.87
SG,Danny Green (26450559),Danny Green,26450559,SG/G/UTIL,3000,CLE@MEM 01/18/2023 08:00PM ET,MEM,0
PG/SG,Raul Neto (26450727),Raul Neto,26450727,PG/SG/G/UTIL,3000,CLE@MEM 01/18/2023 08:00PM ET,CLE,7.19
PF,Cedi Osman (26450731),Cedi Osman,26450731,PF/F/UTIL,3000,CLE@MEM 01/18/2023 08:00PM ET,CLE,15.76
C,Robin Lopez (26450734),Robin Lopez,26450734,C/UTIL,3000,CLE@MEM 01/18/2023 08:00PM ET,CLE,5.45
PF/C,Isaiah Mobley (26450736),Isaiah Mobley,26450736,PF/C/F/UTIL,3000,CLE@MEM 01/18/2023 08:00PM ET,CLE,3.16
SF,Lamar Stevens (26450740),Lamar Stevens,26450740,SF/F/UTIL,3000,CLE@MEM 01/18/2023 08:00PM ET,CLE,13.16
SF/PF,Mamadi Diakite (26450743),Mamadi Diakite,26450743,SF/PF/F/UTIL,3000,CLE@MEM 01/18/2023 08:00PM ET,CLE,4.29
SF,Dean Wade (26450747),Dean Wade,26450747,SF/F/UTIL,3000,CLE@MEM 01/18/2023 08:00PM ET,CLE,15.52
SG,Dylan Windler (26450750),Dylan Windler,26450750,SG/G/UTIL,3000,CLE@MEM 01/18/2023 08:00PM ET,CLE,0
PF,Jamal Cain (26450407),Jamal Cain,26450407,PF/F/UTIL,3000,MIA@NOP 01/18/2023 08:00PM ET,MIA,10.65
PF/C,Jaxson Hayes (26450578),Jaxson Hayes,26450578,PF/C/F/UTIL,3000,MIA@NOP 01/18/2023 08:00PM ET,NOP,10.7
PG/SG,Devonte' Graham (26450582),Devonte' Graham,26450582,PG/SG/G/UTIL,3000,MIA@NOP 01/18/2023 08:00PM ET,NOP,11.91
PG/SF,Garrett Temple (26450586),Garrett Temple,26450586,PG/SF/F/G/UTIL,3000,MIA@NOP 01/18/2023 08:00PM ET,NOP,5.89
SF,Dereon Seabron (26450591),Dereon Seabron,26450591,SF/F/UTIL,3000,MIA@NOP 01/18/2023 08:00PM ET,NOP,1.31
PG,Kira Lewis Jr. (26450594),Kira Lewis Jr.,26450594,PG/G/UTIL,3000,MIA@NOP 01/18/2023 08:00PM ET,NOP,7
PF,E.J. Liddell (26450597),E.J. Liddell,26450597,PF/F/UTIL,3000,MIA@NOP 01/18/2023 08:00PM ET,NOP,0
C,Dewayne Dedmon (26450769),Dewayne Dedmon,26450769,C/UTIL,3000,MIA@NOP 01/18/2023 08:00PM ET,MIA,12.46
C,Udonis Haslem (26450771),Udonis Haslem,26450771,C/UTIL,3000,MIA@NOP 01/18/2023 08:00PM ET,MIA,2.9
SF/PF,Duncan Robinson (26450773),Duncan Robinson,26450773,SF/PF/F/UTIL,3000,MIA@NOP 01/18/2023 08:00PM ET,MIA,12.16
C,Nikola Jovic (26450777),Nikola Jovic,26450777,C/UTIL,3000,MIA@NOP 01/18/2023 08:00PM ET,MIA,10.18
C,Omer Yurtseven (26450779),Omer Yurtseven,26450779,C/UTIL,3000,MIA@NOP 01/18/2023 08:00PM ET,MIA,0
SF/PF,Vlatko Cancar (26450395),Vlatko Cancar,26450395,SF/PF/F/UTIL,3000,MIN@DEN 01/18/2023 10:00PM ET,DEN,10.94
PG,Ish Smith (26450433),Ish Smith,26450433,PG/G/UTIL,3000,MIN@DEN 01/18/2023 10:00PM ET,DEN,6.42
PF,Jack White (26450436),Jack White,26450436,PF/F/UTIL,3000,MIN@DEN 01/18/2023 10:00PM ET,DEN,2.22
SG,Christian Braun (26450439),Christian Braun,26450439,SG/G/UTIL,3000,MIN@DEN 01/18/2023 10:00PM ET,DEN,7.28
SG/SF,Davon Reed (26450442),Davon Reed,26450442,SG/SF/F/G/UTIL,3000,MIN@DEN 01/18/2023 10:00PM ET,DEN,5.83
PF/C,Jeff Green (26450447),Jeff Green,26450447,PF/C/F/UTIL,3000,MIN@DEN 01/18/2023 10:00PM ET,DEN,13.66
SG,Peyton Watson (26450451),Peyton Watson,26450451,SG/G/UTIL,3000,MIN@DEN 01/18/2023 10:00PM ET,DEN,1.62
PG,Collin Gillespie (26450454),Collin Gillespie,26450454,PG/G/UTIL,3000,MIN@DEN 01/18/2023 10:00PM ET,DEN,0
PG/SG,Bryn Forbes (26450623),Bryn Forbes,26450623,PG/SG/G/UTIL,3000,MIN@DEN 01/18/2023 10:00PM ET,MIN,5.76
SG,Josh Minott (26450627),Josh Minott,26450627,SG/G/UTIL,3000,MIN@DEN 01/18/2023 10:00PM ET,MIN,3.61
SG/SF,Wendell Moore Jr. (26450630),Wendell Moore Jr.,26450630,SG/SF/F/G/UTIL,3000,MIN@DEN 01/18/2023 10:00PM ET,MIN,4.43
C,Nathan Knight (26450635),Nathan Knight,26450635,C/UTIL,3000,MIN@DEN 01/18/2023 10:00PM ET,MIN,5.54
SF,Matt Ryan (26450637),Matt Ryan,26450637,SF/F/UTIL,3000,MIN@DEN 01/18/2023 10:00PM ET,MIN,5.84
C,Luka Garza (26450640),Luka Garza,26450640,C/UTIL,3000,MIN@DEN 01/18/2023 10:00PM ET,MIN,8.71
PG,Jordan McLaughlin (26450642),Jordan McLaughlin,26450642,PG/G/UTIL,3000,MIN@DEN 01/18/2023 10:00PM ET,MIN,13.28
SF/PF,Simone Fontecchio (26450457),Simone Fontecchio,26450457,SF/PF/F/UTIL,3000,LAC@UTA 01/18/2023 09:00PM ET,UTA,6.38
SG,Johnny Juzang (26450461),Johnny Juzang,26450461,SG/G/UTIL,3000,LAC@UTA 01/18/2023 09:00PM ET,UTA,0
C,Micah Potter (26450464),Micah Potter,26450464,C/UTIL,3000,LAC@UTA 01/18/2023 09:00PM ET,UTA,3.58
PF,Rudy Gay (26450466),Rudy Gay,26450466,PF/F/UTIL,3000,LAC@UTA 01/18/2023 09:00PM ET,UTA,10.86
PG,Leandro Bolmaro (26450469),Leandro Bolmaro,26450469,PG/G/UTIL,3000,LAC@UTA 01/18/2023 09:00PM ET,UTA,2.45
C,Udoka Azubuike (26450472),Udoka Azubuike,26450472,C/UTIL,3000,LAC@UTA 01/18/2023 09:00PM ET,UTA,5.05
SG,Amir Coffey (26450645),Amir Coffey,26450645,SG/G/UTIL,3000,LAC@UTA 01/18/2023 09:00PM ET,LAC,7.56
PG/SG,Brandon Boston Jr. (26450648),Brandon Boston Jr.,26450648,PG/SG/G/UTIL,3000,LAC@UTA 01/18/2023 09:00PM ET,LAC,9.14
PG,Jason Preston (26450652),Jason Preston,26450652,PG/G/UTIL,3000,LAC@UTA 01/18/2023 09:00PM ET,LAC,6.94
SG,Luke Kennard (26450655),Luke Kennard,26450655,SG/G/UTIL,3000,LAC@UTA 01/18/2023 09:00PM ET,LAC,15.53
PF/C,Moussa Diabate (26450658),Moussa Diabate,26450658,PF/C/F/UTIL,3000,LAC@UTA 01/18/2023 09:00PM ET,LAC,10.19
C,Boban Marjanovic (26450519),Boban Marjanovic,26450519,C/UTIL,3000,CHA@HOU 01/18/2023 08:00PM ET,HOU,5
PF,Darius Days (26450521),Darius Days,26450521,PF/F/UTIL,3000,CHA@HOU 01/18/2023 08:00PM ET,HOU,0
PG,Trevor Hudgins (26450524),Trevor Hudgins,26450524,PG/G/UTIL,3000,CHA@HOU 01/18/2023 08:00PM ET,HOU,3.5
C,Usman Garuba (26450527),Usman Garuba,26450527,C/UTIL,3000,CHA@HOU 01/18/2023 08:00PM ET,HOU,12.75
PG/SG,Daishen Nix (26450529),Daishen Nix,26450529,PG/SG/G/UTIL,3000,CHA@HOU 01/18/2023 08:00PM ET,HOU,9.99
PG,TyTy Washington Jr. (26450533),TyTy Washington Jr.,26450533,PG/G/UTIL,3000,CHA@HOU 01/18/2023 08:00PM ET,HOU,7.31
SG,Josh Christopher (26450536),Josh Christopher,26450536,SG/G/UTIL,3000,CHA@HOU 01/18/2023 08:00PM ET,HOU,5.4
C,Bruno Fernando (26450539),Bruno Fernando,26450539,C/UTIL,3000,CHA@HOU 01/18/2023 08:00PM ET,HOU,11.1
SG/SF,Bryce McGowens (26450707),Bryce McGowens,26450707,SG/SF/F/G/UTIL,3000,CHA@HOU 01/18/2023 08:00PM ET,CHA,6.67
PF,JT Thor (26450712),JT Thor,26450712,PF/F/UTIL,3000,CHA@HOU 01/18/2023 08:00PM ET,CHA,6.41
PG,Theo Maledon (26450715),Theo Maledon,26450715,PG/G/UTIL,3000,CHA@HOU 01/18/2023 08:00PM ET,CHA,13.87
PF/C,Kai Jones (26450718),Kai Jones,26450718,PF/C/F/UTIL,3000,CHA@HOU 01/18/2023 08:00PM ET,CHA,6.64
SG,James Bouknight (26450722),James Bouknight,26450722,SG/G/UTIL,3000,CHA@HOU 01/18/2023 08:00PM ET,CHA,9.89
C,Nick Richards (26450725),Nick Richards,26450725,C/UTIL,3000,CHA@HOU 01/18/2023 08:00PM ET,CHA,18.33
SF,Sterling Brown (26450474),Sterling Brown,26450474,SF/F/UTIL,3000,SAC@LAL 01/18/2023 10:30PM ET,LAL,4.75
C,Damian Jones (26450477),Damian Jones,26450477,C/UTIL,3000,SAC@LAL 01/18/2023 10:30PM ET,LAL,8.1
PG,Scotty Pippen Jr. (26450479),Scotty Pippen Jr.,26450479,PG/G/UTIL,3000,SAC@LAL 01/18/2023 10:30PM ET,LAL,4.6
SF/PF,Cole Swider (26450482),Cole Swider,26450482,SF/PF/F/UTIL,3000,SAC@LAL 01/18/2023 10:30PM ET,LAL,6
PG,Matthew Dellavedova (26450662),Matthew Dellavedova,26450662,PG/G/UTIL,3000,SAC@LAL 01/18/2023 10:30PM ET,SAC,4.18
SG/SF,PJ Dozier (26450665),PJ Dozier,26450665,SG/SF/F/G/UTIL,3000,SAC@LAL 01/18/2023 10:30PM ET,SAC,2.25
C,Alex Len (26450670),Alex Len,26450670,C/UTIL,3000,SAC@LAL 01/18/2023 10:30PM ET,SAC,3.22
C,Richaun Holmes (26450672),Richaun Holmes,26450672,C/UTIL,3000,SAC@LAL 01/18/2023 10:30PM ET,SAC,6.12
SF/PF,KZ Okpala (26450674),KZ Okpala,26450674,SF/PF/F/UTIL,3000,SAC@LAL 01/18/2023 10:30PM ET,SAC,4.41
PG,Keon Ellis (26450678),Keon Ellis,26450678,PG/G/UTIL,3000,SAC@LAL 01/18/2023 10:30PM ET,SAC,1.5
C,Chimezie Metu (26450681),Chimezie Metu,26450681,C/UTIL,3000,SAC@LAL 01/18/2023 10:30PM ET,SAC,10.68
C,Neemias Queta (26450683),Neemias Queta,26450683,C/UTIL,3000,SAC@LAL 01/18/2023 10:30PM ET,SAC,6.56